test_season,variant,injury_bucket,position,n_players,mae,rmse,mean_bias,spearman,top12_hit,top24_hit,top36_hit,cov_50,cov_80
2021,v1_no_reg,healthy,QB,28,70.13605175579859,85.40470959972977,-10.429677926606022,0.3785411284935865,0.5,0.875,NaN,0.42857142857142855,0.7857142857142857
2021,v1_no_reg,healthy,RB,78,53.86726452587376,67.97319777269522,-7.862344797573008,0.6036533318279204,0.5,0.75,0.7222222222222222,0.5384615384615384,0.8974358974358975
2021,v1_no_reg,healthy,TE,62,31.203323965024758,42.335205824616565,-10.155437325313585,0.7325451093756797,0.5833333333333334,0.75,0.75,0.6612903225806451,0.9032258064516129
2021,v1_no_reg,healthy,WR,124,47.49759467982408,64.06595572422127,-13.078872138382716,0.7221077013617667,0.4166666666666667,0.625,0.6944444444444444,0.5241935483870968,0.8225806451612904
2021,v1_no_reg,healthy,ALL,292,47.910150370925464,63.695843204492604,-10.810654573577267,0.742722874015165,0.4166666666666667,0.4166666666666667,0.5277777777777778,0.547945205479452,0.8561643835616438
2021,v1_no_reg,injured,QB,22,63.51242271160891,87.05867140830426,58.01050034021503,0.34048560135516664,0.5833333333333334,NaN,NaN,0.5454545454545454,0.8636363636363636
2021,v1_no_reg,injured,RB,37,40.83335357467205,59.70463417363306,38.97297586902148,0.5461847265581917,0.6666666666666666,0.8333333333333334,0.9444444444444444,0.7027027027027027,0.8648648648648649
2021,v1_no_reg,injured,TE,21,21.636494715935562,28.10809729556025,20.43744505128181,0.6222799938461485,0.8333333333333334,NaN,NaN,0.7619047619047619,1.0
2021,v1_no_reg,injured,WR,45,48.10629919747263,66.92518752963699,46.21561575961815,0.5532395893008445,0.5,0.75,0.8611111111111112,0.5111111111111111,0.8222222222222222
2021,v1_no_reg,injured,ALL,125,44.21805787871341,64.29805434062781,41.81696135918607,0.5274235819621198,0.4166666666666667,0.4583333333333333,0.5833333333333334,0.616,0.872
2021,v1_no_reg,all,QB,50,67.22165497635511,86.13636557147474,19.684000510795236,0.7501440654058552,0.5,0.8333333333333334,0.8611111111111112,0.48,0.82
2021,v1_no_reg,all,RB,115,49.67374535026973,65.42699493738141,7.206410547331302,0.6747265126881999,0.5,0.6666666666666666,0.6388888888888888,0.591304347826087,0.8869565217391304
2021,v1_no_reg,all,TE,83,28.782800902002197,39.22626459713583,-2.4150694950906533,0.7451708886241272,0.5833333333333334,0.7083333333333334,0.6944444444444444,0.6867469879518072,0.927710843373494
2021,v1_no_reg,all,WR,169,47.65967576440506,64.8396073590701,2.7096009705524264,0.6774559626137479,0.4166666666666667,0.5833333333333334,0.6111111111111112,0.5207100591715976,0.8224852071005917
2021,v1_no_reg,all,ALL,417,46.80340801714487,63.87695799278726,4.96500967485299,0.7109618025957993,0.4166666666666667,0.4166666666666667,0.5,0.5683453237410072,0.8609112709832134
2022,v1_no_reg,healthy,QB,33,85.3878466101151,102.36975545658608,-19.805880512273117,0.25935828877005346,0.4166666666666667,0.75,NaN,0.3333333333333333,0.7575757575757576
2022,v1_no_reg,healthy,RB,72,51.84174274960782,67.06028065604666,-5.781061355903379,0.7571608878700508,0.4166666666666667,0.75,0.7777777777777778,0.5277777777777778,0.7777777777777778
2022,v1_no_reg,healthy,TE,67,32.98952812333002,43.3364649025369,-6.001409333840167,0.7165048737773172,0.5833333333333334,0.8333333333333334,0.8333333333333334,0.44776119402985076,0.8059701492537313
2022,v1_no_reg,healthy,WR,126,42.90008398145723,52.45436864243495,-4.963554575615787,0.7519145221752443,0.6666666666666666,0.7916666666666666,0.7777777777777778,0.5476190476190477,0.8650793650793651
2022,v1_no_reg,healthy,ALL,298,47.53729322829626,61.90837866849871,-7.038029451090392,0.7697998871567089,0.25,0.3333333333333333,0.5,0.4966442953020134,0.8187919463087249
2022,v1_no_reg,injured,QB,21,34.305284360291175,46.95632922872177,25.48902869265731,0.5649350649350648,0.6666666666666666,NaN,NaN,0.8095238095238095,0.9523809523809523
2022,v1_no_reg,injured,RB,40,40.838500421826595,61.35517060393301,40.04768993549239,0.5359626775828411,0.4166666666666667,0.6666666666666666,0.9722222222222222,0.65,0.85
2022,v1_no_reg,injured,TE,26,13.856203564705265,19.552292820330837,13.497855213169405,0.709511301445643,0.6666666666666666,0.9166666666666666,NaN,0.7692307692307693,0.9615384615384616
2022,v1_no_reg,injured,WR,52,33.25975544973611,47.52723119685531,30.545074440815142,0.24324362306535474,0.4166666666666667,0.5833333333333334,0.7222222222222222,0.6923076923076923,0.9038461538461539
2022,v1_no_reg,injured,ALL,139,31.96920550005607,48.30063742605913,29.32708853546972,0.4527602774968062,0.4166666666666667,0.3333333333333333,0.4166666666666667,0.7122302158273381,0.9064748201438849
2022,v1_no_reg,all,QB,54,65.52240573518358,85.21525461282229,-2.191193599244618,0.7238040785210595,0.4166666666666667,0.7083333333333334,0.8888888888888888,0.5185185185185185,0.8333333333333334
2022,v1_no_reg,all,RB,112,47.91201334682881,65.08017910579794,10.586349819595112,0.7435189406063695,0.4166666666666667,0.7083333333333334,0.6944444444444444,0.5714285714285714,0.8035714285714286
2022,v1_no_reg,all,TE,93,27.64042663382202,38.20838332889187,-0.5500020411278136,0.7519960777199552,0.5833333333333334,0.8333333333333334,0.8055555555555556,0.5376344086021505,0.8494623655913979
2022,v1_no_reg,all,WR,178,40.083808230617365,51.06415991603882,5.409752777498865,0.7426130521009137,0.6666666666666666,0.7916666666666666,0.7777777777777778,0.5898876404494382,0.8764044943820225
2022,v1_no_reg,all,ALL,437,42.58543008361574,57.92777755293369,4.5289073913166,0.7609524554247318,0.25,0.3333333333333333,0.5,0.5652173913043478,0.8466819221967964
2023,v1_no_reg,healthy,QB,28,92.45949043986899,113.13527858255829,-24.297341206025234,0.24904214559386975,0.5833333333333334,0.875,NaN,0.32142857142857145,0.5714285714285714
2023,v1_no_reg,healthy,RB,75,56.34242133281676,77.43716931631151,-8.112841074418162,0.6039018769845276,0.3333333333333333,0.5833333333333334,0.7222222222222222,0.5066666666666667,0.76
2023,v1_no_reg,healthy,TE,67,34.42537143565615,45.999726660239105,-1.5090681921684925,0.6826299512483416,0.5833333333333334,0.75,0.6944444444444444,0.47761194029850745,0.7611940298507462
2023,v1_no_reg,healthy,WR,130,41.12401052597978,51.72619350946315,5.77740087882999,0.783004477759146,0.5833333333333334,0.6666666666666666,0.8611111111111112,0.4076923076923077,0.8153846153846154
2023,v1_no_reg,healthy,ALL,300,48.22389528947974,65.77044402424323,-2.129446963258197,0.725218416827356,0.16666666666666666,0.4166666666666667,0.4444444444444444,0.44,0.7666666666666667
2023,v1_no_reg,injured,QB,25,66.15157604982556,87.68404869505038,58.168124565687584,0.2869230769230769,0.5833333333333334,1.0,NaN,0.52,0.72
2023,v1_no_reg,injured,RB,35,47.69601999419529,71.59439653307817,44.23890585757648,0.3989624515868422,0.5833333333333334,0.7916666666666666,NaN,0.6285714285714286,0.8
2023,v1_no_reg,injured,TE,24,19.616579403144883,28.858002515288213,19.258413009759135,0.21839059108342135,0.6666666666666666,1.0,NaN,0.75,0.875
2023,v1_no_reg,injured,WR,29,30.63675698175208,46.97937575614332,28.79881940744066,0.5525076128427021,0.75,0.8333333333333334,NaN,0.6896551724137931,0.8275862068965517
2023,v1_no_reg,injured,ALL,113,41.43729167423684,63.49729563459117,38.052499948737754,0.4813349713147422,0.3333333333333333,0.5,0.5833333333333334,0.6460176991150443,0.8053097345132744
2023,v1_no_reg,all,QB,53,80.05009685965982,101.9249506705778,14.60146340327327,0.601757781003064,0.5833333333333334,0.75,0.7777777777777778,0.41509433962264153,0.6415094339622641
2023,v1_no_reg,all,RB,110,53.59129363416447,75.62708484891684,8.54453294939832,0.63261101431764,0.3333333333333333,0.5416666666666666,0.6944444444444444,0.5454545454545454,0.7727272727272727
2023,v1_no_reg,all,TE,91,30.51975595455428,42.161012478049564,3.9680697072409905,0.7472782239250129,0.5833333333333334,0.75,0.6944444444444444,0.5494505494505495,0.7912087912087912
2023,v1_no_reg,all,WR,159,39.211241011623784,50.893443560499,9.976275956375334,0.8037752343955583,0.5833333333333334,0.6666666666666666,0.8333333333333334,0.4591194968553459,0.8176100628930818
2023,v1_no_reg,all,ALL,413,46.3670279564956,65.15637425166453,8.864645048982823,0.7213388467324252,0.16666666666666666,0.4166666666666667,0.4444444444444444,0.4963680387409201,0.7772397094430993
2021,v2_phase1,healthy,QB,29,70.92267910527497,89.92895531412317,-34.78643025174175,0.5025868440502588,0.5,0.8333333333333334,NaN,0.41379310344827586,0.7586206896551724
2021,v2_phase1,healthy,RB,95,55.5048510676024,75.89694569285594,-36.4577724985977,0.4745010937191721,0.5833333333333334,0.5,0.6111111111111112,0.5894736842105263,0.7684210526315789
2021,v2_phase1,healthy,TE,62,34.41148882434696,46.33419707474289,-17.54196335762695,0.73053047811472,0.5,0.75,0.75,0.41935483870967744,0.8548387096774194
2021,v2_phase1,healthy,WR,169,49.76112377808245,70.48737063603718,-35.43814142543883,0.6886694434970645,0.4166666666666667,0.4583333333333333,0.5277777777777778,0.6094674556213018,0.7514792899408284
2021,v2_phase1,healthy,ALL,355,50.34608667910041,70.30193863510647,-32.53223237673049,0.6875215708993283,0.16666666666666666,0.4166666666666667,0.4722222222222222,0.5549295774647888,0.7746478873239436
2021,v2_phase1,injured,QB,38,77.668791611269,100.77121342293125,71.22410423735504,0.4485631657480413,0.25,0.20833333333333334,0.5,0.2631578947368421,0.6578947368421053
2021,v2_phase1,injured,RB,65,26.427790232257358,34.711313284288586,25.666471306310758,0.593580629640668,0.4166666666666667,0.3333333333333333,0.3611111111111111,0.7230769230769231,0.9538461538461539
2021,v2_phase1,injured,TE,21,22.877034915822815,29.544748221722962,19.76360642034995,0.522897072073225,0.8333333333333334,NaN,NaN,0.5238095238095238,0.9047619047619048
2021,v2_phase1,injured,WR,70,46.84789011023033,58.501562578875266,46.078585441291416,0.6461091360496991,0.5,0.3333333333333333,0.3611111111111111,0.3142857142857143,0.7857142857142857
2021,v2_phase1,injured,ALL,194,43.448404573573995,61.00962187987994,41.316357276533196,0.5871911247540822,0.3333333333333333,0.20833333333333334,0.3055555555555556,0.4639175257731959,0.8298969072164949
2021,v2_phase1,all,QB,67,74.74883246688353,96.22835995479755,25.33894751819375,0.6854755453685247,0.5,0.7916666666666666,0.6111111111111112,0.3283582089552239,0.7014925373134329
2021,v2_phase1,all,RB,160,43.69229510324349,62.5274838205025,-11.219798452853638,0.6482481083234024,0.5833333333333334,0.5,0.6111111111111112,0.64375,0.84375
2021,v2_phase1,all,TE,83,31.49313301616616,42.71450754480107,-8.103204739102672,0.7348331000677017,0.5,0.75,0.6666666666666666,0.4457831325301205,0.8674698795180723
2021,v2_phase1,all,WR,239,48.907875423481414,67.1986261295377,-11.562949456103604,0.6203518226482131,0.4166666666666667,0.4166666666666667,0.5277777777777778,0.5230125523012552,0.7615062761506276
2021,v2_phase1,all,ALL,549,47.90865438680146,67.16535427051632,-6.436373737872284,0.6322374512509266,0.16666666666666666,0.375,0.4722222222222222,0.5227686703096539,0.7941712204007286
2021,v2_phase2_all,healthy,QB,29,73.03574910406093,91.48025431392777,-31.259306609246643,0.47597930524759796,0.5,0.7916666666666666,NaN,0.2413793103448276,0.7586206896551724
2021,v2_phase2_all,healthy,RB,95,52.67522318848986,75.45257259383904,-31.862399250806394,0.5310123837930563,0.5,0.5416666666666666,0.6666666666666666,0.5789473684210527,0.7684210526315789
2021,v2_phase2_all,healthy,TE,62,34.74418829632699,48.48737575804355,-13.164796740221204,0.7163525106157168,0.5,0.7083333333333334,0.75,0.43548387096774194,0.7741935483870968
2021,v2_phase2_all,healthy,WR,169,49.43306810578737,68.57442996055762,-29.320608335242596,0.6759156606654909,0.3333333333333333,0.4583333333333333,0.5555555555555556,0.5621301775147929,0.7514792899408284
2021,v2_phase2_all,healthy,ALL,355,49.66341158077365,69.68767626607578,-27.33760007618162,0.6874510887576782,0.25,0.5,0.4444444444444444,0.5183098591549296,0.7605633802816901
2021,v2_phase2_all,injured,QB,38,72.3261399266971,95.76978189894805,66.28949859972626,0.4865692787261859,0.3333333333333333,0.20833333333333334,0.5,0.15789473684210525,0.5789473684210527
2021,v2_phase2_all,injured,RB,65,32.150073190980244,44.16906803435102,31.568900935244198,0.6473770038405092,0.16666666666666666,0.3333333333333333,0.3611111111111111,0.6,0.8
2021,v2_phase2_all,injured,TE,21,24.616873749381117,32.21349051466236,23.35878324370665,0.5690159442685033,0.8333333333333334,NaN,NaN,0.42857142857142855,0.8095238095238095
2021,v2_phase2_all,injured,WR,70,49.9828957231742,62.307853491212256,49.416338816555765,0.6476272330307459,0.4166666666666667,0.2916666666666667,0.3611111111111111,0.3142857142857143,0.7
2021,v2_phase2_all,injured,ALL,194,45.63868620612063,62.955145246646424,43.920915839470176,0.6152915945740719,0.4166666666666667,0.2916666666666667,0.3055555555555556,0.3917525773195876,0.7216494845360825
2021,v2_phase2_all,all,QB,67,72.63328419749637,93.93716649575461,24.06688141972306,0.6911016087630194,0.5,0.7916666666666666,0.6666666666666666,0.19402985074626866,0.6567164179104478
2021,v2_phase2_all,all,RB,160,44.336881002001576,64.59743341767803,-6.093433550223347,0.6492798283768836,0.5,0.5416666666666666,0.5555555555555556,0.5875,0.78125
2021,v2_phase2_all,all,TE,83,32.181855700111775,44.93039812541775,-3.923890961155119,0.732335238467266,0.4166666666666667,0.7083333333333334,0.6944444444444444,0.43373493975903615,0.7831325301204819
2021,v2_phase2_all,all,WR,239,49.59410548326469,66.79993440648862,-6.259577788690775,0.6252946145470835,0.3333333333333333,0.4583333333333333,0.5,0.4895397489539749,0.7364016736401674
2021,v2_phase2_all,all,ALL,549,48.24119532816401,67.38549756714171,-2.1569951806689627,0.639954091935655,0.25,0.5,0.4444444444444444,0.47358834244080145,0.7468123861566485
2021,v2_phase2_no_ngs,healthy,QB,29,72.30466713883756,90.75124817181015,-32.38000189336001,0.5050505050505051,0.5833333333333334,0.8333333333333334,NaN,0.3103448275862069,0.7241379310344828
2021,v2_phase2_no_ngs,healthy,RB,95,53.85394658003322,74.85509072704362,-34.28847155165917,0.49633013627537315,0.5,0.5416666666666666,0.6388888888888888,0.6105263157894737,0.7684210526315789
2021,v2_phase2_no_ngs,healthy,TE,62,34.7340781863963,48.140187625903216,-13.667253323022301,0.6981200977040323,0.5833333333333334,0.75,0.75,0.3870967741935484,0.8064516129032258
2021,v2_phase2_no_ngs,healthy,WR,169,50.13200956746997,70.2440656148708,-35.2251790818332,0.6943889298385816,0.4166666666666667,0.5,0.5555555555555556,0.6035502958579881,0.7396449704142012
2021,v2_phase2_no_ngs,healthy,ALL,355,50.250092215742086,70.18523167730307,-30.977041755414803,0.6866825588350775,0.25,0.4166666666666667,0.5277777777777778,0.543661971830986,0.7577464788732394
2021,v2_phase2_no_ngs,injured,QB,38,75.34235824535823,99.95814296821808,70.36991395590579,0.4731419693506737,0.25,0.20833333333333334,0.5277777777777778,0.3157894736842105,0.868421052631579
2021,v2_phase2_no_ngs,injured,RB,65,24.54726670124727,32.299747527878296,23.7887891351804,0.6475113175940224,0.25,0.375,0.3611111111111111,0.6307692307692307,0.9538461538461539
2021,v2_phase2_no_ngs,injured,TE,21,25.036718234921636,32.55687397562564,23.871071204448935,0.6203313091055029,0.8333333333333334,NaN,NaN,0.38095238095238093,0.8571428571428571
2021,v2_phase2_no_ngs,injured,WR,70,49.018384755361744,60.786571535191534,48.42188212205528,0.6810136732041112,0.4166666666666667,0.2916666666666667,0.3611111111111111,0.2714285714285714,0.8142857142857143
2021,v2_phase2_no_ngs,injured,ALL,194,43.379587446976096,61.27528737174938,41.81006323684764,0.6391943248004686,0.25,0.20833333333333334,0.2777777777777778,0.41237113402061853,0.8762886597938144
2021,v2_phase2_no_ngs,all,QB,67,74.02753672164033,96.08142034135255,25.896069782342973,0.6932716617866101,0.4166666666666667,0.7916666666666666,0.6111111111111112,0.31343283582089554,0.8059701492537313
2021,v2_phase2_no_ngs,all,RB,160,41.94810787927643,61.24361332061122,-10.694584397630589,0.6860994497504329,0.5,0.5,0.6388888888888888,0.61875,0.84375
2021,v2_phase2_no_ngs,all,TE,83,32.280529283011134,44.71362237013558,-4.1696049486018705,0.7229630098572274,0.5833333333333334,0.6666666666666666,0.7222222222222222,0.3855421686746988,0.8192771084337349
2021,v2_phase2_no_ngs,all,WR,239,49.805843304509395,67.61121843032042,-10.726039817095995,0.6174035600664208,0.4166666666666667,0.4166666666666667,0.5277777777777778,0.5062761506276151,0.7615062761506276
2021,v2_phase2_no_ngs,all,ALL,549,47.82226357249872,67.1718888819904,-5.256279699861225,0.647935254485012,0.25,0.375,0.4722222222222222,0.4972677595628415,0.7996357012750456
2021,v2_phase2_no_snap,healthy,QB,29,71.84857703015453,90.65804412486762,-26.522902303434847,0.41808327174180837,0.5,0.7916666666666666,NaN,0.20689655172413793,0.6206896551724138
2021,v2_phase2_no_snap,healthy,RB,95,54.20923801970036,76.22372431006228,-31.488741118155275,0.5160866457825845,0.5,0.5,0.6111111111111112,0.5473684210526316,0.7684210526315789
2021,v2_phase2_no_snap,healthy,TE,62,34.70047099299742,48.304725886438305,-14.388079405425925,0.7103841655051238,0.5833333333333334,0.7083333333333334,0.75,0.4032258064516129,0.7903225806451613
2021,v2_phase2_no_snap,healthy,WR,169,50.536099263772144,69.78197636403493,-30.053329458095778,0.6601939147171578,0.3333333333333333,0.4166666666666667,0.5555555555555556,0.5266272189349113,0.757396449704142
2021,v2_phase2_no_snap,healthy,ALL,355,50.4944121771531,70.36964698051305,-27.41314978754635,0.6826225667396387,0.3333333333333333,0.4583333333333333,0.4722222222222222,0.48450704225352115,0.7549295774647887
2021,v2_phase2_no_snap,injured,QB,38,71.84589217661237,95.15868441876219,67.36823545206241,0.4613077305790359,0.25,0.20833333333333334,0.5,0.23684210526315788,0.4473684210526316
2021,v2_phase2_no_snap,injured,RB,65,31.590209424175836,43.449518618495446,29.79918909347532,0.6034857195125717,0.16666666666666666,0.375,0.3611111111111111,0.676923076923077,0.8153846153846154
2021,v2_phase2_no_snap,injured,TE,21,22.60859722759789,29.639214972868157,20.54096863719981,0.5761611216508703,0.8333333333333334,NaN,NaN,0.38095238095238093,0.7619047619047619
2021,v2_phase2_no_snap,injured,WR,70,50.45292798460406,63.09614723214234,49.61063009652819,0.6304692066868218,0.4166666666666667,0.25,0.3611111111111111,0.3,0.6857142857142857
2021,v2_phase2_no_snap,injured,ALL,194,45.30924235043577,62.751942173894136,43.30435405356926,0.6047222145836861,0.3333333333333333,0.2916666666666667,0.3055555555555556,0.422680412371134,0.6907216494845361
2021,v2_phase2_no_snap,all,QB,67,71.84705427739927,93.23731607895054,26.728787766847194,0.6848325666948681,0.3333333333333333,0.7916666666666666,0.6111111111111112,0.22388059701492538,0.5223880597014925
2021,v2_phase2_no_snap,all,RB,160,45.02025765276853,64.93584706571893,-6.590519469680347,0.647743916815935,0.5,0.5,0.5555555555555556,0.6,0.7875
2021,v2_phase2_no_snap,all,TE,83,31.641081245125246,44.33112399164964,-5.550609418737484,0.7387897968045265,0.5,0.7083333333333334,0.75,0.39759036144578314,0.7831325301204819
2021,v2_phase2_no_snap,all,WR,239,50.51173947489446,67.89199704374693,-6.72078900276658,0.6084429946057878,0.3333333333333333,0.375,0.5,0.4602510460251046,0.7364016736401674
2021,v2_phase2_no_snap,all,ALL,549,48.66212994330399,67.7756716239305,-2.42372220070404,0.6382829314720291,0.16666666666666666,0.4166666666666667,0.4444444444444444,0.46265938069216755,0.73224043715847
2021,v2_phase2_no_draft,healthy,QB,29,76.56934904587332,94.57687860427113,-31.482501493751897,0.3754619364375462,0.5,0.7916666666666666,NaN,0.2413793103448276,0.6551724137931034
2021,v2_phase2_no_draft,healthy,RB,95,53.02072441480428,75.54204353522017,-32.21441735825569,0.5028085447878644,0.5,0.5833333333333334,0.6388888888888888,0.5473684210526316,0.7368421052631579
2021,v2_phase2_no_draft,healthy,TE,62,34.08779257428816,48.287332580646684,-13.254673832072784,0.7233029884660275,0.5,0.7083333333333334,0.75,0.4032258064516129,0.7580645161290323
2021,v2_phase2_no_draft,healthy,WR,169,50.9763942626598,69.83837685058722,-30.367049935897633,0.6669010635543612,0.3333333333333333,0.4166666666666667,0.5277777777777778,0.5562130177514792,0.757396449704142
2021,v2_phase2_no_draft,healthy,ALL,355,50.66460200487917,70.61838643834983,-27.963896927065655,0.6797702156202288,0.25,0.5,0.4444444444444444,0.5014084507042254,0.7436619718309859
2021,v2_phase2_no_draft,injured,QB,38,72.13919612514123,94.44947924344676,66.68946393821088,0.4908933275081304,0.25,0.20833333333333334,0.5,0.2894736842105263,0.47368421052631576
2021,v2_phase2_no_draft,injured,RB,65,31.020962478911223,42.88400815099049,30.535798539642045,0.6292948374426885,0.25,0.2916666666666667,0.3611111111111111,0.6307692307692307,0.7692307692307693
2021,v2_phase2_no_draft,injured,TE,21,24.791994194271236,32.36207586334532,22.20192912006458,0.518999702591934,0.8333333333333334,NaN,NaN,0.3333333333333333,0.8095238095238095
2021,v2_phase2_no_draft,injured,WR,70,48.78897362887267,61.14178292710047,48.115603192441576,0.6129634979740158,0.4166666666666667,0.3333333333333333,0.3611111111111111,0.2714285714285714,0.7
2021,v2_phase2_no_draft,injured,ALL,194,44.811917762811234,61.852828877957755,43.05855293670624,0.5938488066471052,0.3333333333333333,0.2916666666666667,0.3055555555555556,0.4020618556701031,0.6907216494845361
2021,v2_phase2_no_draft,all,QB,67,74.056725001279,94.50464333099136,24.197120691540427,0.6874044813894943,0.3333333333333333,0.7916666666666666,0.6388888888888888,0.26865671641791045,0.5522388059701493
2021,v2_phase2_no_draft,all,RB,160,44.08332112834772,64.30710072191916,-6.722142149734735,0.6370281589950992,0.5,0.5416666666666666,0.6111111111111112,0.58125,0.75
2021,v2_phase2_no_draft,all,TE,83,31.73584358657304,44.79628659290429,-4.283726097194655,0.7424421322539033,0.4166666666666667,0.7083333333333334,0.7222222222222222,0.3855421686746988,0.7710843373493976
2021,v2_phase2_no_draft,all,WR,239,50.335727131425074,67.40754226561253,-7.380498810442631,0.6214924331086409,0.3333333333333333,0.375,0.5277777777777778,0.47280334728033474,0.7405857740585774
2021,v2_phase2_no_draft,all,ALL,549,48.59644036014114,67.65078836046939,-2.8667106364067285,0.635848622650239,0.16666666666666666,0.4583333333333333,0.4444444444444444,0.4663023679417122,0.7249544626593807
2022,v2_phase1,healthy,QB,55,93.53358802103068,109.07945399813984,-48.78827904046418,0.4645422061548193,0.16666666666666666,0.125,0.2222222222222222,0.3090909090909091,0.509090909090909
2022,v2_phase1,healthy,RB,103,41.50544470631944,60.59108275897312,-25.301628889172132,0.8390046953016908,0.5,0.75,0.6666666666666666,0.5825242718446602,0.8640776699029126
2022,v2_phase1,healthy,TE,67,32.09825875849653,41.77916545899959,-12.780504331285375,0.7174427073817378,0.5833333333333334,0.7916666666666666,0.8055555555555556,0.43283582089552236,0.835820895522388
2022,v2_phase1,healthy,WR,135,41.68002410943723,53.17916906805677,-17.577359739789877,0.7406400257578633,0.5,0.7083333333333334,0.6944444444444444,0.5333333333333333,0.8740740740740741
2022,v2_phase1,healthy,ALL,360,47.76887427083578,65.2193185272128,-23.662945771883376,0.8100111026039066,0.16666666666666666,0.16666666666666666,0.19444444444444445,0.49444444444444446,0.8083333333333333
2022,v2_phase1,injured,QB,31,20.481191135327972,29.37152161032885,7.352768665330447,0.4984845183802493,0.5,0.5416666666666666,NaN,0.6451612903225806,0.9354838709677419
2022,v2_phase1,injured,RB,43,38.19593016117625,51.641648232525526,37.92187945549298,0.44164006853951876,0.3333333333333333,0.5833333333333334,0.8333333333333334,0.4186046511627907,0.7906976744186046
2022,v2_phase1,injured,TE,26,16.296456649814413,20.43614537365516,16.204695186782548,0.6780925528171499,0.6666666666666666,0.9583333333333334,NaN,0.38461538461538464,0.9230769230769231
2022,v2_phase1,injured,WR,53,25.16139210014574,31.53294472862601,23.065304560489746,0.3336925651989615,0.4166666666666667,0.5833333333333334,0.75,0.32075471698113206,0.7735849056603774
2022,v2_phase1,injured,ALL,153,26.3699580152199,36.60209059264146,22.891240926625784,0.41876984155224145,0.4166666666666667,0.3333333333333333,0.3055555555555556,0.42483660130718953,0.8366013071895425
2022,v2_phase1,all,QB,86,67.2007472831611,88.99642502502255,-28.55138975116612,0.8061778860657371,0.16666666666666666,0.125,0.2222222222222222,0.43023255813953487,0.6627906976744186
2022,v2_phase1,all,RB,146,40.530724669051246,58.09868445116483,-6.681006568483099,0.7133492350939551,0.5,0.7083333333333334,0.6388888888888888,0.5342465753424658,0.8424657534246576
2022,v2_phase1,all,TE,93,27.680550642090775,37.071124262974514,-4.677115218707248,0.7477400014759579,0.5833333333333334,0.7916666666666666,0.7777777777777778,0.41935483870967744,0.8602150537634409
2022,v2_phase1,all,WR,188,37.023175723839095,48.073666490313485,-6.119587357264241,0.7629915359223177,0.5,0.7083333333333334,0.6944444444444444,0.4734042553191489,0.8457446808510638
2022,v2_phase1,all,ALL,513,41.38674135249421,58.17660679766616,-9.778363774082399,0.7796495429716088,0.16666666666666666,0.16666666666666666,0.19444444444444445,0.47368421052631576,0.8167641325536062
2022,v2_phase2_all,healthy,QB,55,93.50765596400043,106.61496129097613,-47.90450439015058,0.4130077414316877,0.08333333333333333,0.08333333333333333,0.19444444444444445,0.2,0.4909090909090909
2022,v2_phase2_all,healthy,RB,103,37.67923095134994,54.03752954830566,-18.270200510782264,0.855528217787878,0.5,0.8333333333333334,0.6944444444444444,0.4563106796116505,0.8543689320388349
2022,v2_phase2_all,healthy,TE,67,32.335437529625835,40.756629276978835,-11.737830033629297,0.7050313775530229,0.5833333333333334,0.7083333333333334,0.7777777777777778,0.44776119402985076,0.7910447761194029
2022,v2_phase2_all,healthy,WR,135,39.614948037533026,51.112729791205716,-15.92498397572358,0.7522391628983356,0.5833333333333334,0.6666666666666666,0.75,0.4962962962962963,0.8518518518518519
2022,v2_phase2_all,healthy,ALL,360,45.93992823766932,62.136046225505886,-20.70246067512417,0.8203491890067872,0.08333333333333333,0.16666666666666666,0.16666666666666666,0.4305555555555556,0.7861111111111111
2022,v2_phase2_all,injured,QB,31,23.970581711680822,38.06111023726877,13.587648270259574,0.5775033732982068,0.4166666666666667,0.5416666666666666,NaN,0.7741935483870968,0.9032258064516129
2022,v2_phase2_all,injured,RB,43,36.54382821231451,49.32280205511255,35.792889875944844,0.4821464129503986,0.4166666666666667,0.625,0.8333333333333334,0.4186046511627907,0.7441860465116279
2022,v2_phase2_all,injured,TE,26,16.497233533252455,20.78341132557913,16.199401490864798,0.6290654945177429,0.6666666666666666,0.9166666666666666,NaN,0.34615384615384615,0.8846153846153846
2022,v2_phase2_all,injured,WR,53,26.760888329716288,35.53376940933182,25.641413767235697,0.33931546089088244,0.4166666666666667,0.625,0.7777777777777778,0.3018867924528302,0.7924528301886793
2022,v2_phase2_all,injured,ALL,153,27.20083529105331,38.57485292559052,24.447651826599035,0.46805794982956433,0.5,0.375,0.3055555555555556,0.43790849673202614,0.8169934640522876
2022,v2_phase2_all,all,QB,86,68.44196640793173,88.27015481664586,-25.738728431165523,0.7869600745326352,0.08333333333333333,0.08333333333333333,0.19444444444444445,0.4069767441860465,0.6395348837209303
2022,v2_phase2_all,all,RB,146,37.34483151451074,52.69278967842746,-2.3475095064722216,0.7352258565155197,0.5,0.7916666666666666,0.6666666666666666,0.4452054794520548,0.821917808219178
2022,v2_phase2_all,all,TE,93,27.90755254139242,36.29695245596828,-3.927421220329872,0.7459193029253418,0.5833333333333334,0.6666666666666666,0.75,0.41935483870967744,0.8172043010752689
2022,v2_phase2_all,all,WR,188,35.99119716245703,47.243675110434495,-4.206797377974421,0.749972913252289,0.5833333333333334,0.6666666666666666,0.75,0.44148936170212766,0.8351063829787234
2022,v2_phase2_all,all,ALL,513,40.35107595534525,56.153276661741415,-7.236637648294443,0.7826285027218847,0.08333333333333333,0.16666666666666666,0.16666666666666666,0.4327485380116959,0.7953216374269005
2022,v2_phase2_no_ngs,healthy,QB,55,92.54715826071563,106.17368367940442,-44.095322174271736,0.4916314778697012,0.08333333333333333,0.08333333333333333,0.2222222222222222,0.2727272727272727,0.45454545454545453
2022,v2_phase2_no_ngs,healthy,RB,103,41.12890681456784,58.70433990093437,-22.44551204998156,0.8424835301643134,0.5,0.75,0.6666666666666666,0.44660194174757284,0.8543689320388349
2022,v2_phase2_no_ngs,healthy,TE,67,31.354828425659747,40.879569390305875,-12.829472949310208,0.7309515020666894,0.5833333333333334,0.7916666666666666,0.8055555555555556,0.417910447761194,0.8059701492537313
2022,v2_phase2_no_ngs,healthy,WR,135,41.53559989203536,52.97005990956627,-16.67596618938165,0.7264801035043764,0.5,0.6666666666666666,0.6944444444444444,0.48148148148148145,0.8888888888888888
2022,v2_phase2_no_ngs,healthy,ALL,360,47.31791832273284,63.8078357694918,-21.79989051084265,0.8085264296141854,0.08333333333333333,0.125,0.16666666666666666,0.42777777777777776,0.7972222222222223
2022,v2_phase2_no_ngs,injured,QB,31,20.83386665008731,32.50608300449112,11.021416642718838,0.5868003107119383,0.5,0.5416666666666666,NaN,0.7096774193548387,0.9354838709677419
2022,v2_phase2_no_ngs,injured,RB,43,36.791075369316154,49.57293982288637,36.03828957229482,0.48297769986927863,0.4166666666666667,0.5833333333333334,0.8333333333333334,0.4186046511627907,0.6976744186046512
2022,v2_phase2_no_ngs,injured,TE,26,17.004193386448556,21.419084301128677,16.30460293137582,0.594194136149855,0.6666666666666666,0.9583333333333334,NaN,0.38461538461538464,0.8846153846153846
2022,v2_phase2_no_ngs,injured,WR,53,25.79951983156688,32.40547751938906,24.54794446982967,0.30594215912228706,0.4166666666666667,0.625,0.7222222222222222,0.32075471698113206,0.7735849056603774
2022,v2_phase2_no_ngs,injured,ALL,153,26.387906445451033,36.69444509785677,23.635758827775845,0.44875053106529167,0.4166666666666667,0.375,0.3333333333333333,0.43790849673202614,0.803921568627451
2022,v2_phase2_no_ngs,all,QB,86,66.69701826153566,87.12212887626006,-24.22766050768211,0.812644780864672,0.08333333333333333,0.08333333333333333,0.2222222222222222,0.43023255813953487,0.627906976744186
2022,v2_phase2_no_ngs,all,RB,146,39.85132632041838,56.16938878251835,-5.2208307502700295,0.7364842496867726,0.5,0.75,0.6666666666666666,0.4383561643835616,0.8082191780821918
2022,v2_phase2_no_ngs,all,TE,93,27.342822930826504,36.49930511147904,-4.684462488043145,0.7416585698417282,0.5833333333333334,0.7916666666666666,0.75,0.40860215053763443,0.8279569892473119
2022,v2_phase2_no_ngs,all,WR,188,37.09936455583945,48.07146563190384,-5.054331801412506,0.7439842565110502,0.5,0.6666666666666666,0.6944444444444444,0.43617021276595747,0.8563829787234043
2022,v2_phase2_no_ngs,all,ALL,513,41.075634078631246,57.08531555136392,-8.248907374763448,0.7799343031792301,0.08333333333333333,0.125,0.16666666666666666,0.43079922027290446,0.7992202729044834
2022,v2_phase2_no_snap,healthy,QB,55,96.73112329913737,109.61807018557633,-47.49788884462612,0.401368565450185,0.16666666666666666,0.08333333333333333,0.19444444444444445,0.2909090909090909,0.4909090909090909
2022,v2_phase2_no_snap,healthy,RB,103,38.2112042089501,55.493044770304,-18.004525117019973,0.850074215726903,0.5833333333333334,0.75,0.6944444444444444,0.49514563106796117,0.8058252427184466
2022,v2_phase2_no_snap,healthy,TE,67,32.0074994955187,41.1145096439899,-12.315847625953195,0.7300735301816998,0.5833333333333334,0.7083333333333334,0.7777777777777778,0.44776119402985076,0.746268656716418
2022,v2_phase2_no_snap,healthy,WR,135,40.00695405710905,51.24358345768753,-16.677316679502482,0.7509831587714763,0.5833333333333334,0.6666666666666666,0.75,0.5037037037037037,0.837037037037037
2022,v2_phase2_no_snap,healthy,ALL,360,46.67057521912192,63.37338769877344,-20.954026433831093,0.8189689399299652,0.16666666666666666,0.16666666666666666,0.16666666666666666,0.4583333333333333,0.7583333333333333
2022,v2_phase2_no_snap,injured,QB,31,23.313518816399586,37.771961967970505,13.688539980292026,0.5488632728974021,0.4166666666666667,0.5416666666666666,NaN,0.3548387096774194,0.9032258064516129
2022,v2_phase2_no_snap,injured,RB,43,36.10671351768001,49.60000323590737,35.82625632555054,0.4740602583758387,0.4166666666666667,0.5833333333333334,0.8333333333333334,0.4418604651162791,0.6976744186046512
2022,v2_phase2_no_snap,injured,TE,26,15.943823120852056,20.485017017934847,15.828131571306017,0.6459832822407777,0.6666666666666666,1.0,NaN,0.4230769230769231,1.0
2022,v2_phase2_no_snap,injured,WR,53,26.970823271713034,36.881933664905915,25.992867478211423,0.3472441483413609,0.5,0.625,0.6944444444444444,0.3018867924528302,0.7735849056603774
2022,v2_phase2_no_snap,injured,ALL,153,26.923534634716155,39.0257552677043,24.53612521952214,0.47040166649859816,0.5,0.375,0.3055555555555556,0.37254901960784315,0.8169934640522876
2022,v2_phase2_no_snap,all,QB,86,70.26663796233653,90.54839555002147,-25.44231566355097,0.7826989085530041,0.16666666666666666,0.08333333333333333,0.19444444444444445,0.313953488372093,0.6395348837209303
2022,v2_phase2_no_snap,all,RB,146,37.59138845741166,53.82449470680245,-2.15025387023551,0.7331825556365339,0.5833333333333334,0.75,0.6666666666666666,0.4794520547945205,0.773972602739726
2022,v2_phase2_no_snap,all,TE,93,27.51657921873018,36.53949527590403,-4.447638388009761,0.756925574901402,0.5833333333333334,0.7083333333333334,0.7777777777777778,0.44086021505376344,0.8172043010752689
2022,v2_phase2_no_snap,all,WR,188,36.33187463356655,47.63512899991727,-4.647956252061863,0.7544000577773312,0.5833333333333334,0.6666666666666666,0.75,0.44680851063829785,0.8191489361702128
2022,v2_phase2_no_snap,all,ALL,513,40.78110697465002,57.206706375722405,-7.386788221427497,0.7834351237556791,0.16666666666666666,0.16666666666666666,0.16666666666666666,0.4327485380116959,0.7758284600389863
2022,v2_phase2_no_draft,healthy,QB,55,98.12657266210176,113.78200293608296,-52.06472459250997,0.37706538038188997,0.08333333333333333,0.125,0.19444444444444445,0.2727272727272727,0.4909090909090909
2022,v2_phase2_no_draft,healthy,RB,103,36.76642402861385,54.44183694313208,-20.130080779302844,0.8686243320038624,0.5833333333333334,0.7916666666666666,0.6666666666666666,0.46601941747572817,0.8252427184466019
2022,v2_phase2_no_draft,healthy,TE,67,32.475385038196954,41.93694008978744,-11.206368811981756,0.700242439998535,0.5833333333333334,0.6666666666666666,0.8055555555555556,0.417910447761194,0.7910447761194029
2022,v2_phase2_no_draft,healthy,WR,135,40.71228219556735,52.01681290844184,-16.230148577582604,0.7449601250483674,0.5833333333333334,0.6666666666666666,0.75,0.4888888888888889,0.8592592592592593
2022,v2_phase2_no_draft,healthy,ALL,360,46.82197795923226,64.55922106918112,-21.88570817009075,0.8138895661568468,0.08333333333333333,0.16666666666666666,0.1388888888888889,0.4361111111111111,0.7805555555555556
2022,v2_phase2_no_draft,injured,QB,31,19.633876382153513,31.592027068586034,8.663526885770331,0.5609538440406964,0.5833333333333334,0.5416666666666666,NaN,0.7096774193548387,0.9354838709677419
2022,v2_phase2_no_draft,injured,RB,43,35.96546574608546,49.337778198526294,35.61547113809842,0.4916684267484786,0.4166666666666667,0.625,0.8333333333333334,0.4418604651162791,0.7209302325581395
2022,v2_phase2_no_draft,injured,TE,26,15.650356610495505,19.488760736116685,15.650356610495505,0.6580674163286597,0.6666666666666666,1.0,NaN,0.4230769230769231,1.0
2022,v2_phase2_no_draft,injured,WR,53,25.83243842612297,33.613260891299554,24.50408553103484,0.33162948836235745,0.5,0.625,0.7222222222222222,0.24528301886792453,0.7547169811320755
2022,v2_phase2_no_draft,injured,ALL,153,25.69407649271787,36.63708885102228,22.91281305499896,0.43887591366047013,0.3333333333333333,0.3333333333333333,0.3055555555555556,0.42483660130718953,0.8235294117647058
2022,v2_phase2_no_draft,all,QB,86,69.83269377049251,92.94838977872963,-30.17430836196707,0.7743077387012938,0.08333333333333333,0.125,0.19444444444444445,0.43023255813953487,0.6511627906976745
2022,v2_phase2_no_draft,all,RB,146,36.53052535636233,52.98968658887078,-3.711870283081924,0.7441200202050626,0.5833333333333334,0.75,0.6666666666666666,0.4589041095890411,0.7945205479452054
2022,v2_phase2_no_draft,all,TE,93,27.7716136498073,37.056839794276385,-3.6980369734397267,0.7470087373039893,0.5833333333333334,0.6666666666666666,0.75,0.41935483870967744,0.8494623655913979
2022,v2_phase2_no_draft,all,WR,188,36.51743262226655,47.5550191271248,-4.7465613022808775,0.7559510737444869,0.5833333333333334,0.6666666666666666,0.75,0.42021276595744683,0.8297872340425532
2022,v2_phase2_no_draft,all,ALL,513,40.520674013078846,57.66424562712635,-8.524745699449957,0.7837036174265857,0.08333333333333333,0.16666666666666666,0.1388888888888889,0.4327485380116959,0.7933723196881092
2023,v2_phase1,healthy,QB,30,84.62145426245121,112.11816779827633,-38.95156508240355,0.47151759066773297,0.5,0.7916666666666666,NaN,0.3,0.6
2023,v2_phase1,healthy,RB,77,58.106909600982455,78.96460834221247,-29.903266025120974,0.6153310243130036,0.4166666666666667,0.5833333333333334,0.6666666666666666,0.5324675324675324,0.7792207792207793
2023,v2_phase1,healthy,TE,67,29.442540556079418,42.34846533127959,-9.643997668222225,0.724580710209766,0.5,0.7916666666666666,0.6944444444444444,0.5522388059701493,0.9104477611940298
2023,v2_phase1,healthy,WR,134,39.69361512401206,51.80236913721196,-9.52301499338821,0.7764398408930016,0.5,0.6666666666666666,0.8055555555555556,0.5671641791044776,0.8880597014925373
2023,v2_phase1,healthy,ALL,308,46.443085425403,65.88521543261153,-17.510812627569255,0.7207911833762176,0.4166666666666667,0.375,0.5,0.5292207792207793,0.8376623376623377
2023,v2_phase1,injured,QB,26,69.01412094505332,99.5233260436548,54.81713984514201,0.18806633887447327,0.5833333333333334,0.875,NaN,0.46153846153846156,0.7307692307692307
2023,v2_phase1,injured,RB,42,36.212188892878444,56.70017010307241,34.9513476952608,0.5119918661963275,0.5,0.7083333333333334,0.8333333333333334,0.5,0.8333333333333334
2023,v2_phase1,injured,TE,24,17.919172386696513,25.666379947430066,17.749550050093685,0.546850040072887,0.8333333333333334,1.0,NaN,0.4583333333333333,0.875
2023,v2_phase1,injured,WR,36,23.870038623267238,32.8545071293657,21.88202428757627,0.3472855678330514,0.6666666666666666,0.5,0.8055555555555556,0.2777777777777778,0.7222222222222222
2023,v2_phase1,injured,ALL,128,35.9739109827392,59.109457371006464,32.08550245882531,0.44796427891034074,0.4166666666666667,0.5,0.5833333333333334,0.421875,0.7890625
2023,v2_phase1,all,QB,56,77.37519236508788,106.45603633239669,4.583905062528324,0.5624690268341556,0.5,0.6666666666666666,0.7777777777777778,0.375,0.6607142857142857
2023,v2_phase1,all,RB,119,50.37936111576926,71.89819551664016,-7.01340235910388,0.6558704631433807,0.3333333333333333,0.5833333333333334,0.6111111111111112,0.5210084033613446,0.7983193277310925
2023,v2_phase1,all,TE,91,26.40341048942898,38.654231105826064,-2.419325742512535,0.7975278936205402,0.5,0.7916666666666666,0.6944444444444444,0.5274725274725275,0.9010989010989011
2023,v2_phase1,all,WR,170,36.342740100324924,48.41281557702984,-2.872536086831027,0.8227301516352884,0.5,0.6666666666666666,0.8055555555555556,0.5058823529411764,0.8529411764705882
2023,v2_phase1,all,ALL,436,43.36956632296959,63.97046613513477,-2.9504265471598417,0.725339938783665,0.4166666666666667,0.3333333333333333,0.4444444444444444,0.49770642201834864,0.823394495412844
2023,v2_phase2_all,healthy,QB,30,86.44401880618047,111.3242685649629,-51.26274791573117,0.5166889313499179,0.5,0.75,NaN,0.4666666666666667,0.6
2023,v2_phase2_all,healthy,RB,77,53.199058142215165,74.610993628761,-21.66906027219744,0.6384925304726566,0.5,0.5833333333333334,0.7222222222222222,0.5194805194805194,0.7792207792207793
2023,v2_phase2_all,healthy,TE,67,30.028945332336882,40.528134395914016,-8.102162796939634,0.7166117930190496,0.6666666666666666,0.7916666666666666,0.7222222222222222,0.582089552238806,0.835820895522388
2023,v2_phase2_all,healthy,WR,134,38.301529433144275,50.71544210039027,-5.391571097144411,0.7749061387229034,0.4166666666666667,0.6666666666666666,0.8611111111111112,0.5597014925373134,0.835820895522388
2023,v2_phase2_all,healthy,ALL,308,44.91555948845417,63.83677982241405,-14.518556859881313,0.7195772563286779,0.4166666666666667,0.3333333333333333,0.4722222222222222,0.5454545454545454,0.7987012987012987
2023,v2_phase2_all,injured,QB,26,60.838306087391956,87.9297539124497,46.51240521403523,0.0977944962147261,0.5,0.9166666666666666,NaN,0.46153846153846156,0.6923076923076923
2023,v2_phase2_all,injured,RB,42,35.24359578635772,53.902437166800304,33.20150660459764,0.5087266119476265,0.4166666666666667,0.7083333333333334,0.75,0.4523809523809524,0.8333333333333334
2023,v2_phase2_all,injured,TE,24,16.828389937525518,23.664956310601056,16.821131273167726,0.5223902938715438,0.75,1.0,NaN,0.5,0.9166666666666666
2023,v2_phase2_all,injured,WR,36,26.26771896175552,37.06622148323028,24.508266064980067,0.34869959701803943,0.6666666666666666,0.5,0.8055555555555556,0.2222222222222222,0.9166666666666666
2023,v2_phase2_all,injured,ALL,128,34.4652048626799,54.91142246841032,30.3889886082291,0.39860145687943305,0.3333333333333333,0.5416666666666666,0.5555555555555556,0.3984375,0.84375
2023,v2_phase2_all,all,QB,56,74.55565218674293,101.13776542653014,-5.867141105482484,0.5543346385260478,0.4166666666666667,0.7083333333333334,0.7222222222222222,0.4642857142857143,0.6428571428571429
2023,v2_phase2_all,all,RB,119,46.861836134265474,68.02579115916096,-2.302977845093294,0.6836179658066021,0.5,0.5416666666666666,0.6666666666666666,0.4957983193277311,0.7983193277310925
2023,v2_phase2_all,all,TE,91,26.54748017326575,36.83796002221895,-1.5289863388893419,0.8008617417134096,0.6666666666666666,0.75,0.6944444444444444,0.5604395604395604,0.8571428571428571
2023,v2_phase2_all,all,WR,170,35.75319309802666,48.14903853039672,0.9401591254231256,0.8185664781171702,0.4166666666666667,0.6666666666666666,0.8333333333333334,0.48823529411764705,0.8529411764705882
2023,v2_phase2_all,all,ALL,436,41.847565469878234,61.35128296464602,-1.3346903004360546,0.728154755286853,0.4166666666666667,0.3333333333333333,0.4722222222222222,0.5022935779816514,0.8119266055045872
2023,v2_phase2_no_ngs,healthy,QB,30,89.01798297603432,113.61064407772437,-46.10034162311557,0.4790832339346999,0.5833333333333334,0.75,NaN,0.23333333333333334,0.6333333333333333
2023,v2_phase2_no_ngs,healthy,RB,77,56.64796776470032,77.61681399659673,-27.736223739057436,0.6150286891020662,0.5,0.625,0.6944444444444444,0.5324675324675324,0.7792207792207793
2023,v2_phase2_no_ngs,healthy,TE,67,32.2330639152439,44.62371012535396,-7.844752986294517,0.7084106556334001,0.5833333333333334,0.75,0.7777777777777778,0.6268656716417911,0.8955223880597015
2023,v2_phase2_no_ngs,healthy,WR,134,37.30071388021421,50.85549270664917,-9.043740181712533,0.7827791431960736,0.5833333333333334,0.7083333333333334,0.8055555555555556,0.6044776119402985,0.8731343283582089
2023,v2_phase2_no_ngs,healthy,ALL,308,46.07254529036688,65.73942462468543,-17.065451659195134,0.7074459133637859,0.3333333333333333,0.4166666666666667,0.5,0.5551948051948052,0.8311688311688312
2023,v2_phase2_no_ngs,injured,QB,26,63.63712007805455,94.68847071099567,48.61025596299666,0.1689177661890724,0.5,0.875,NaN,0.46153846153846156,0.8076923076923077
2023,v2_phase2_no_ngs,injured,RB,42,38.469227067209054,55.77998290171501,36.3362196329522,0.5197468450369926,0.5,0.7083333333333334,0.75,0.5,0.8333333333333334
2023,v2_phase2_no_ngs,injured,TE,24,17.8697855022551,25.016862607130047,17.861603057396135,0.5084132960422049,0.75,1.0,NaN,0.5,0.9166666666666666
2023,v2_phase2_no_ngs,injured,WR,36,25.51512039419633,34.69164780470867,24.203258093039704,0.4203908766969307,0.6666666666666666,0.5,0.8055555555555556,0.25,0.9166666666666666
2023,v2_phase2_no_ngs,injured,ALL,128,36.07571753982335,57.427893555366374,31.95299722147533,0.415302902239732,0.3333333333333333,0.5,0.5555555555555556,0.421875,0.8671875
2023,v2_phase2_no_ngs,all,QB,56,77.23401091625799,105.2492723132229,-2.1275641724206023,0.5622639582213461,0.4166666666666667,0.7083333333333334,0.7222222222222222,0.3392857142857143,0.7142857142857143
2023,v2_phase2_no_ngs,all,RB,119,50.23194163617399,70.68426354525619,-5.122420195995209,0.6512684383114318,0.5,0.5833333333333334,0.6388888888888888,0.5210084033613446,0.7983193277310925
2023,v2_phase2_no_ngs,all,TE,91,28.444946531598507,40.38764102270179,-1.0650546890574217,0.7995794964155601,0.5,0.75,0.75,0.5934065934065934,0.9010989010989011
2023,v2_phase2_no_ngs,all,WR,170,34.80494114199866,47.89007314164415,-2.003199370588529,0.8300233037812345,0.5833333333333334,0.6666666666666666,0.8055555555555556,0.5294117647058824,0.8823529411764706
2023,v2_phase2_no_ngs,all,ALL,436,43.13769677644584,63.41240833133596,-2.6747143731267413,0.7209438072839535,0.3333333333333333,0.375,0.4722222222222222,0.5160550458715596,0.841743119266055
2023,v2_phase2_no_snap,healthy,QB,30,87.39337093933322,111.9573680102859,-43.07944516060855,0.45149088790223224,0.4166666666666667,0.75,NaN,0.36666666666666664,0.5666666666666667
2023,v2_phase2_no_snap,healthy,RB,77,52.09502384042273,74.31541352919719,-21.74065191352984,0.6439345642695331,0.4166666666666667,0.625,0.75,0.5714285714285714,0.7792207792207793
2023,v2_phase2_no_snap,healthy,TE,67,30.38516311736359,40.764103604445495,-9.015867503425673,0.7328943431569814,0.75,0.75,0.75,0.5373134328358209,0.8059701492537313
2023,v2_phase2_no_snap,healthy,WR,134,38.89728473576532,51.36964204707661,-6.616551231513159,0.768554367296497,0.5,0.6666666666666666,0.8333333333333334,0.5223880597014925,0.8582089552238806
2023,v2_phase2_no_snap,healthy,ALL,308,45.06870145243006,64.11806709723832,-14.47108616854655,0.7232859665097349,0.25,0.3333333333333333,0.5277777777777778,0.5227272727272727,0.7987012987012987
2023,v2_phase2_no_snap,injured,QB,26,64.11261020270396,92.49779426686908,50.66872232179481,0.22431185145755358,0.5,0.875,NaN,0.4230769230769231,0.6538461538461539
2023,v2_phase2_no_snap,injured,RB,42,35.370920275013944,54.32320535066303,33.27238957594037,0.47868627285957666,0.5,0.7083333333333334,0.7777777777777778,0.6190476190476191,0.8571428571428571
2023,v2_phase2_no_snap,injured,TE,24,16.390371471052557,23.765838756309062,16.390371471052557,0.5350569481543822,0.75,1.0,NaN,0.5,0.9583333333333334
2023,v2_phase2_no_snap,injured,WR,36,26.54726920575574,37.41439009644738,24.93836007658174,0.3290445913467063,0.6666666666666666,0.5,0.8055555555555556,0.25,0.9166666666666666
2023,v2_phase2_no_snap,injured,ALL,128,35.16857127760435,56.619896066988346,31.29669547358098,0.41267574113293504,0.4166666666666667,0.5,0.5833333333333334,0.453125,0.8515625
2023,v2_phase2_no_snap,all,QB,56,76.58444631161248,103.37910970444231,0.44648974193586405,0.5714920457977709,0.4166666666666667,0.7083333333333334,0.7222222222222222,0.39285714285714285,0.6071428571428571
2023,v2_phase2_no_snap,all,RB,119,46.192399052631394,67.93450626526615,-2.3242843290109416,0.6890677320549625,0.4166666666666667,0.625,0.6944444444444444,0.5882352941176471,0.8067226890756303
2023,v2_phase2_no_snap,all,TE,91,26.694229056798047,37.04619565853875,-2.315320960706141,0.8047403346329919,0.6666666666666666,0.7083333333333334,0.6944444444444444,0.5274725274725275,0.8461538461538461
2023,v2_phase2_no_snap,all,WR,170,36.28198732941035,48.74897849478246,0.06566528078929051,0.8113919038723566,0.5,0.625,0.8333333333333334,0.4647058823529412,0.8705882352941177
2023,v2_phase2_no_snap,all,ALL,436,42.16224121761884,62.010856319301915,-1.0346732093898467,0.7278204705311322,0.25,0.3333333333333333,0.5,0.5022935779816514,0.8142201834862385
2023,v2_phase2_no_draft,healthy,QB,30,85.97319527558915,111.26062183981934,-45.963835584713586,0.5198041962245513,0.5,0.7916666666666666,NaN,0.3333333333333333,0.6333333333333333
2023,v2_phase2_no_draft,healthy,RB,77,53.298888079694215,74.92199226286043,-23.258609102934127,0.6370860144913384,0.5833333333333334,0.625,0.7222222222222222,0.5324675324675324,0.7402597402597403
2023,v2_phase2_no_draft,healthy,TE,67,30.97099030568531,41.93248929906034,-7.43509071360532,0.6865010477272125,0.6666666666666666,0.75,0.7222222222222222,0.582089552238806,0.8507462686567164
2023,v2_phase2_no_draft,healthy,WR,134,38.32535168484921,51.00958082297337,-7.207175848585641,0.7729684369567794,0.5,0.6666666666666666,0.8333333333333334,0.5522388059701493,0.8582089552238806
2023,v2_phase2_no_draft,healthy,ALL,308,45.10994713199622,64.21518149210455,-15.04461237009535,0.7155989151139702,0.4166666666666667,0.375,0.5,0.5324675324675324,0.8051948051948052
2023,v2_phase2_no_draft,injured,QB,26,58.7867433301099,87.80807868104063,45.18338394404891,0.16139511263409342,0.5,0.875,NaN,0.4230769230769231,0.6923076923076923
2023,v2_phase2_no_draft,injured,RB,42,33.45013191658722,51.560058511750874,31.34182269176809,0.4596519603211071,0.3333333333333333,0.7083333333333334,0.7777777777777778,0.5476190476190477,0.8333333333333334
2023,v2_phase2_no_draft,injured,TE,24,16.834711787912592,23.094852229592565,16.834711787912592,0.5603902567200592,0.75,1.0,NaN,0.5416666666666666,0.9166666666666666
2023,v2_phase2_no_draft,injured,WR,36,24.905512120929973,37.318708161304116,23.3322228620628,0.35661816045397216,0.6666666666666666,0.4583333333333333,0.8055555555555556,0.2222222222222222,0.7777777777777778
2023,v2_phase2_no_draft,injured,ALL,128,33.078065518303916,54.130832420014954,29.180606574560112,0.4174308430608489,0.5,0.5,0.5277777777777778,0.4296875,0.8046875
2023,v2_phase2_no_draft,all,QB,56,73.35091401518807,101.05112787316324,-3.645483660645285,0.5579916954544828,0.4166666666666667,0.75,0.7222222222222222,0.375,0.6607142857142857
2023,v2_phase2_no_draft,all,RB,119,46.29344472800938,67.60481708098493,-3.9878684695098134,0.6792749518641439,0.5,0.5833333333333334,0.6666666666666666,0.5378151260504201,0.773109243697479
2023,v2_phase2_no_draft,all,TE,91,27.242741026272718,37.884916527778024,-1.0342636802379592,0.7947372284584637,0.5833333333333334,0.7083333333333334,0.6944444444444444,0.5714285714285714,0.8681318681318682
2023,v2_phase2_no_draft,all,WR,170,35.48350330660749,48.43441036302598,-0.7400090628012657,0.8220578027113409,0.5,0.6666666666666666,0.8055555555555556,0.4823529411764706,0.8411764705882353
2023,v2_phase2_no_draft,all,ALL,436,41.57765161238014,61.426550359945786,-2.0610618542331953,0.7299092374275491,0.4166666666666667,0.375,0.4722222222222222,0.5022935779816514,0.805045871559633
